<?xml version="1.0" encoding="UTF-8"?>

<beans xmlns:xsi="http://www.w3.org/2001/XMLSchema-instance"
       xmlns:context="http://www.springframework.org/schema/context"
       xmlns:jpa="http://www.springframework.org/schema/data/jpa"
       xmlns:tx="http://www.springframework.org/schema/tx"
       xmlns="http://www.springframework.org/schema/beans"
       xsi:schemaLocation="
            http://www.springframework.org/schema/beans     http://www.springframework.org/schema/beans/spring-beans.xsd
            http://www.springframework.org/schema/context   http://www.springframework.org/schema/context/spring-context-3.2.xsd http://www.springframework.org/schema/data/jpa http://www.springframework.org/schema/data/jpa/spring-jpa.xsd http://www.springframework.org/schema/tx http://www.springframework.org/schema/tx/spring-tx.xsd">


    <context:annotation-config/>
    <jpa:repositories base-package="com.visiansystems"/>
    <bean id="emf" class="org.springframework.orm.jpa.LocalContainerEntityManagerFactoryBean">
        <property name="dataSource" ref="dataSource"/>
        <property name="packagesToScan" value="com.visiansystems"/>
        <property name="persistenceProvider">
            <bean class="org.hibernate.ejb.HibernatePersistence"/>
        </property>
    </bean>

    <tx:annotation-driven transaction-manager="transactionManager"/>

    <bean id="transactionManager" class="org.springframework.orm.jpa.JpaTransactionManager"
          lazy-init="true">
        <property name="entityManagerFactory" ref="emf"></property>
    </bean>

    <bean id="dataSource" class="org.springframework.jdbc.datasource.DriverManagerDataSource">
        <property name="driverClassName" value="${hibernate.connection.driver_class}"/>
        <property name="url" value="${hibernate.connection.url}"/>
        <property name="username" value="${hibernate.connection.username}"/>
        <property name="password" value="${hibernate.connection.password}"/>
    </bean>

    <bean id="sessionFactory" class="org.springframework.orm.hibernate4.LocalSessionFactoryBean">
        <property name="configLocation">
            <value>classpath:/hibernate.cfg.xml</value>
        </property>
        <property name="dataSource" ref="dataSource">
        </property>
    </bean>
</beans>
