<?xml version="1.0" encoding="UTF-8"?>

<beans xmlns:xsi="http://www.w3.org/2001/XMLSchema-instance"
       xmlns:util="http://www.springframework.org/schema/util"
       xmlns="http://www.springframework.org/schema/beans"
       xsi:schemaLocation="http://www.springframework.org/schema/beans
            http://www.springframework.org/schema/beans/spring-beans-3.0.xsd
            http://www.springframework.org/schema/util      http://www.springframework.org/schema/util/spring-util-3.0.xsd">

    <!-- Common ECB Beans -->
    <bean id="ecbRpcParser" class="com.visiansystems.bl.bankRateFeed.ecb.EcbRpcParser"/>
    <bean id="ecbDto" class="com.visiansystems.bl.bankRateFeed.ecb.EcbDto">
        <property name="centralBankId" value="${bank.ecb.id}"/>
    </bean>
    <bean id="ecbRateFeed" class="com.visiansystems.bl.bankRateFeed.ecb.EcbRateFeed"/>
    <bean id="ecbReferenceDate" factory-bean="dateFormat" factory-method="parse">
        <constructor-arg value="${bank.ecb.referenceDate}"/>
    </bean>

    <util:list id="ecbCurrencies" value-type="com.visiansystems.model.MonetaryUnit">
        <!-- US Dollar (USD) -->
        <bean class="com.visiansystems.model.MonetaryUnit">
            <property name="id" value="${ecb.munit.usd.id}"/>
            <property name="code" value="${ecb.munit.usd.code}"/>
            <property name="symbol" value="${ecb.munit.usd.code}"/>
            <property name="name" value="${ecb.munit.usd.name}"/>
        </bean>
        <!-- Japanese Yen (JPY) -->
        <bean class="com.visiansystems.model.MonetaryUnit">
            <property name="id" value="${ecb.munit.jpy.id}"/>
            <property name="code" value="${ecb.munit.jpy.code}"/>
            <property name="symbol" value="${ecb.munit.jpy.code}"/>
            <property name="name" value="${ecb.munit.jpy.name}"/>
        </bean>
        <!-- Bulgarian Lev (BGN) -->
        <bean class="com.visiansystems.model.MonetaryUnit">
            <property name="id" value="${ecb.munit.bgn.id}"/>
            <property name="code" value="${ecb.munit.bgn.code}"/>
            <property name="symbol" value="${ecb.munit.bgn.code}"/>
            <property name="name" value="${ecb.munit.bgn.name}"/>
        </bean>
        <!-- Czech Republic Koruna (CZK) -->
        <bean class="com.visiansystems.model.MonetaryUnit">
            <property name="id" value="${ecb.munit.czk.id}"/>
            <property name="code" value="${ecb.munit.czk.code}"/>
            <property name="symbol" value="${ecb.munit.czk.code}"/>
            <property name="name" value="${ecb.munit.czk.name}"/>
        </bean>
        <!-- Danish Krone (DKK) -->
        <bean class="com.visiansystems.model.MonetaryUnit">
            <property name="id" value="${ecb.munit.dkk.id}"/>
            <property name="code" value="${ecb.munit.dkk.code}"/>
            <property name="symbol" value="${ecb.munit.dkk.code}"/>
            <property name="name" value="${ecb.munit.dkk.name}"/>
        </bean>
        <!-- British Pound (GBP) -->
        <bean class="com.visiansystems.model.MonetaryUnit">
            <property name="id" value="${ecb.munit.gbp.id}"/>
            <property name="code" value="${ecb.munit.gbp.code}"/>
            <property name="symbol" value="${ecb.munit.gbp.code}"/>
            <property name="name" value="${ecb.munit.gbp.name}"/>
        </bean>
        <!-- Hungarian Forint (HUF) -->
        <bean class="com.visiansystems.model.MonetaryUnit">
            <property name="id" value="${ecb.munit.huf.id}"/>
            <property name="code" value="${ecb.munit.huf.code}"/>
            <property name="symbol" value="${ecb.munit.huf.code}"/>
            <property name="name" value="${ecb.munit.huf.name}"/>
        </bean>
        <!-- Polish Zloty (PLN) -->
        <bean class="com.visiansystems.model.MonetaryUnit">
            <property name="id" value="${ecb.munit.pln.id}"/>
            <property name="code" value="${ecb.munit.pln.code}"/>
            <property name="symbol" value="${ecb.munit.pln.code}"/>
            <property name="name" value="${ecb.munit.pln.name}"/>
        </bean>
        <!-- Romanian Leu (RON) -->
        <bean class="com.visiansystems.model.MonetaryUnit">
            <property name="id" value="${ecb.munit.ron.id}"/>
            <property name="code" value="${ecb.munit.ron.code}"/>
            <property name="symbol" value="${ecb.munit.ron.code}"/>
            <property name="name" value="${ecb.munit.ron.name}"/>
        </bean>
        <!-- Swedish Krona (SEK) -->
        <bean class="com.visiansystems.model.MonetaryUnit">
            <property name="id" value="${ecb.munit.sek.id}"/>
            <property name="code" value="${ecb.munit.sek.code}"/>
            <property name="symbol" value="${ecb.munit.sek.code}"/>
            <property name="name" value="${ecb.munit.sek.name}"/>
        </bean>
        <!-- Swiss Franc (CHF) -->
        <bean class="com.visiansystems.model.MonetaryUnit">
            <property name="id" value="${ecb.munit.chf.id}"/>
            <property name="code" value="${ecb.munit.chf.code}"/>
            <property name="symbol" value="${ecb.munit.chf.code}"/>
            <property name="name" value="${ecb.munit.chf.name}"/>
        </bean>
        <!-- Norwegian Krone (NOK) -->
        <bean class="com.visiansystems.model.MonetaryUnit">
            <property name="id" value="${ecb.munit.nok.id}"/>
            <property name="code" value="${ecb.munit.nok.code}"/>
            <property name="symbol" value="${ecb.munit.nok.code}"/>
            <property name="name" value="${ecb.munit.nok.name}"/>
        </bean>
        <!-- Croatian Kuna (HRK) -->
        <bean class="com.visiansystems.model.MonetaryUnit">
            <property name="id" value="${ecb.munit.hrk.id}"/>
            <property name="code" value="${ecb.munit.hrk.code}"/>
            <property name="symbol" value="${ecb.munit.hrk.code}"/>
            <property name="name" value="${ecb.munit.hrk.name}"/>
        </bean>
        <!-- Russian Ruble (RUB) -->
        <bean class="com.visiansystems.model.MonetaryUnit">
            <property name="id" value="${ecb.munit.rub.id}"/>
            <property name="code" value="${ecb.munit.rub.code}"/>
            <property name="symbol" value="${ecb.munit.rub.code}"/>
            <property name="name" value="${ecb.munit.rub.name}"/>
        </bean>
        <!-- Turkish Lira (TRY) -->
        <bean class="com.visiansystems.model.MonetaryUnit">
            <property name="id" value="${ecb.munit.try.id}"/>
            <property name="code" value="${ecb.munit.try.code}"/>
            <property name="symbol" value="${ecb.munit.try.code}"/>
            <property name="name" value="${ecb.munit.try.name}"/>
        </bean>
        <!-- Australian Dollar (AUD) -->
        <bean class="com.visiansystems.model.MonetaryUnit">
            <property name="id" value="${ecb.munit.aud.id}"/>
            <property name="code" value="${ecb.munit.aud.code}"/>
            <property name="symbol" value="${ecb.munit.aud.code}"/>
            <property name="name" value="${ecb.munit.aud.name}"/>
        </bean>
        <!-- Brazilian Real (BRL) -->
        <bean class="com.visiansystems.model.MonetaryUnit">
            <property name="id" value="${ecb.munit.brl.id}"/>
            <property name="code" value="${ecb.munit.brl.code}"/>
            <property name="symbol" value="${ecb.munit.brl.code}"/>
            <property name="name" value="${ecb.munit.brl.name}"/>
        </bean>
        <!-- Canadian Dollar (CAD) -->
        <bean class="com.visiansystems.model.MonetaryUnit">
            <property name="id" value="${ecb.munit.cad.id}"/>
            <property name="code" value="${ecb.munit.cad.code}"/>
            <property name="symbol" value="${ecb.munit.cad.code}"/>
            <property name="name" value="${ecb.munit.cad.name}"/>
        </bean>
        <!-- Chinese Yuan (CNY) -->
        <bean class="com.visiansystems.model.MonetaryUnit">
            <property name="id" value="${ecb.munit.cny.id}"/>
            <property name="code" value="${ecb.munit.cny.code}"/>
            <property name="symbol" value="${ecb.munit.cny.code}"/>
            <property name="name" value="${ecb.munit.cny.name}"/>
        </bean>
        <!-- Hong Kong Dollar (HKD)-->
        <bean class="com.visiansystems.model.MonetaryUnit">
            <property name="id" value="${ecb.munit.hkd.id}"/>
            <property name="code" value="${ecb.munit.hkd.code}"/>
            <property name="symbol" value="${ecb.munit.hkd.code}"/>
            <property name="name" value="${ecb.munit.hkd.name}"/>
        </bean>
        <!-- Indonesian Rupiah (IDR) -->
        <bean class="com.visiansystems.model.MonetaryUnit">
            <property name="id" value="${ecb.munit.idr.id}"/>
            <property name="code" value="${ecb.munit.idr.code}"/>
            <property name="symbol" value="${ecb.munit.idr.code}"/>
            <property name="name" value="${ecb.munit.idr.name}"/>
        </bean>
        <!-- Israeli New Sheqel (ILS) -->
        <bean class="com.visiansystems.model.MonetaryUnit">
            <property name="id" value="${ecb.munit.ils.id}"/>
            <property name="code" value="${ecb.munit.ils.code}"/>
            <property name="symbol" value="${ecb.munit.ils.code}"/>
            <property name="name" value="${ecb.munit.ils.name}"/>
        </bean>
        <!-- Indian Rupee (INR) -->
        <bean class="com.visiansystems.model.MonetaryUnit">
            <property name="id" value="${ecb.munit.inr.id}"/>
            <property name="code" value="${ecb.munit.inr.code}"/>
            <property name="symbol" value="${ecb.munit.inr.code}"/>
            <property name="name" value="${ecb.munit.inr.name}"/>
        </bean>
        <!-- South Korean Won (KRW) -->
        <bean class="com.visiansystems.model.MonetaryUnit">
            <property name="id" value="${ecb.munit.krw.id}"/>
            <property name="code" value="${ecb.munit.krw.code}"/>
            <property name="symbol" value="${ecb.munit.krw.code}"/>
            <property name="name" value="${ecb.munit.krw.name}"/>
        </bean>
        <!-- Mexican Peso (MXN) -->
        <bean class="com.visiansystems.model.MonetaryUnit">
            <property name="id" value="${ecb.munit.mxn.id}"/>
            <property name="code" value="${ecb.munit.mxn.code}"/>
            <property name="symbol" value="${ecb.munit.mxn.code}"/>
            <property name="name" value="${ecb.munit.mxn.name}"/>
        </bean>
        <!-- Malaysian Ringgit (MYR) -->
        <bean class="com.visiansystems.model.MonetaryUnit">
            <property name="id" value="${ecb.munit.myr.id}"/>
            <property name="code" value="${ecb.munit.myr.code}"/>
            <property name="symbol" value="${ecb.munit.myr.code}"/>
            <property name="name" value="${ecb.munit.myr.name}"/>
        </bean>
        <!-- New Zealand Dollar (NZD) -->
        <bean class="com.visiansystems.model.MonetaryUnit">
            <property name="id" value="${ecb.munit.nzd.id}"/>
            <property name="code" value="${ecb.munit.nzd.code}"/>
            <property name="symbol" value="${ecb.munit.nzd.code}"/>
            <property name="name" value="${ecb.munit.nzd.name}"/>
        </bean>
        <!-- Philippine Peso (PHP) -->
        <bean class="com.visiansystems.model.MonetaryUnit">
            <property name="id" value="${ecb.munit.php.id}"/>
            <property name="code" value="${ecb.munit.php.code}"/>
            <property name="symbol" value="${ecb.munit.php.code}"/>
            <property name="name" value="${ecb.munit.php.name}"/>
        </bean>
        <!-- Singapore Dollar (SGD) -->
        <bean class="com.visiansystems.model.MonetaryUnit">
            <property name="id" value="${ecb.munit.sgd.id}"/>
            <property name="code" value="${ecb.munit.sgd.code}"/>
            <property name="symbol" value="${ecb.munit.sgd.code}"/>
            <property name="name" value="${ecb.munit.sgd.name}"/>
        </bean>
        <!-- Thai Baht (THB) -->
        <bean class="com.visiansystems.model.MonetaryUnit">
            <property name="id" value="${ecb.munit.thb.id}"/>
            <property name="code" value="${ecb.munit.thb.code}"/>
            <property name="symbol" value="${ecb.munit.thb.code}"/>
            <property name="name" value="${ecb.munit.thb.name}"/>
        </bean>
        <!-- South African Rand (ZAR) -->
        <bean class="com.visiansystems.model.MonetaryUnit">
            <property name="id" value="${ecb.munit.zar.id}"/>
            <property name="code" value="${ecb.munit.zar.code}"/>
            <property name="symbol" value="${ecb.munit.zar.code}"/>
            <property name="name" value="${ecb.munit.zar.name}"/>
        </bean>
    </util:list>

</beans>
