--------------------------------------------------------------------------------------------------
-- MONETARY UNITS
--------------------------------------------------------------------------------------------------

INSERT INTO MonetaryUnit(id, code, name) VALUES (1, 'AED', 'United Arab Emirates Dirham');
INSERT INTO MonetaryUnit(id, code, name) VALUES (2, 'AFN', 'Afghanistan Afghani');
INSERT INTO MonetaryUnit(id, code, name) VALUES (3, 'ALL', 'Albania Lek');
INSERT INTO MonetaryUnit(id, code, name) VALUES (4, 'AMD', 'Armenia Dram');
INSERT INTO MonetaryUnit(id, code, name) VALUES (5, 'ANG', 'Netherlands Antilles Guilder');
INSERT INTO MonetaryUnit(id, code, name) VALUES (6, 'AOA', 'Angola Kwanza');
INSERT INTO MonetaryUnit(id, code, name) VALUES (7, 'ARS', 'Argentina Peso');
INSERT INTO MonetaryUnit(id, code, name) VALUES (8, 'AUD', 'Australia Dollar');
INSERT INTO MonetaryUnit(id, code, name) VALUES (9, 'AWG', 'Aruba Guilder');
INSERT INTO MonetaryUnit(id, code, name) VALUES (10, 'AZN', 'Azerbaijan Manat');
INSERT INTO MonetaryUnit(id, code, name) VALUES (11, 'BAM', 'Bosnia and Herzegovina Convertible Marka');
INSERT INTO MonetaryUnit(id, code, name) VALUES (12, 'BBD', 'Barbados Dollar');
INSERT INTO MonetaryUnit(id, code, name) VALUES (13, 'BDT', 'Bangladesh Taka');
INSERT INTO MonetaryUnit(id, code, name) VALUES (14, 'BGN', 'Bulgaria Lev');
INSERT INTO MonetaryUnit(id, code, name) VALUES (15, 'BHD', 'Bahrain Dinar');
INSERT INTO MonetaryUnit(id, code, name) VALUES (16, 'BIF', 'Burundi Franc');
INSERT INTO MonetaryUnit(id, code, name) VALUES (17, 'BMD', 'Bermuda Dollar');
INSERT INTO MonetaryUnit(id, code, name) VALUES (18, 'BND', 'Brunei Darussalam Dollar');
INSERT INTO MonetaryUnit(id, code, name) VALUES (19, 'BOB', 'Bolivia Bolíviano');
INSERT INTO MonetaryUnit(id, code, name) VALUES (20, 'BRL', 'Brazil Real');
INSERT INTO MonetaryUnit(id, code, name) VALUES (21, 'BSD', 'Bahamas Dollar');
INSERT INTO MonetaryUnit(id, code, name) VALUES (22, 'BTN', 'Bhutan Ngultrum');
INSERT INTO MonetaryUnit(id, code, name) VALUES (23, 'BWP', 'Botswana Pula');
INSERT INTO MonetaryUnit(id, code, name) VALUES (24, 'BYN', 'Belarus Ruble');
INSERT INTO MonetaryUnit(id, code, name) VALUES (25, 'BZD', 'Belize Dollar');
INSERT INTO MonetaryUnit(id, code, name) VALUES (26, 'CAD', 'Canada Dollar');
INSERT INTO MonetaryUnit(id, code, name) VALUES (27, 'CDF', 'Congo/Kinshasa Franc');
INSERT INTO MonetaryUnit(id, code, name) VALUES (28, 'CHF', 'Switzerland Franc');
INSERT INTO MonetaryUnit(id, code, name) VALUES (29, 'CLP', 'Chile Peso');
INSERT INTO MonetaryUnit(id, code, name) VALUES (30, 'CNY', 'China Yuan Renminbi');
INSERT INTO MonetaryUnit(id, code, name) VALUES (31, 'COP', 'Colombia Peso');
INSERT INTO MonetaryUnit(id, code, name) VALUES (32, 'CRC', 'Costa Rica Colon');
INSERT INTO MonetaryUnit(id, code, name) VALUES (33, 'CUC', 'Cuba Convertible Peso');
INSERT INTO MonetaryUnit(id, code, name) VALUES (34, 'CUP', 'Cuba Peso');
INSERT INTO MonetaryUnit(id, code, name) VALUES (35, 'CVE', 'Cape Verde Escudo');
INSERT INTO MonetaryUnit(id, code, name) VALUES (36, 'CZK', 'Czech Republic Koruna');
INSERT INTO MonetaryUnit(id, code, name) VALUES (37, 'DJF', 'Djibouti Franc');
INSERT INTO MonetaryUnit(id, code, name) VALUES (38, 'DKK', 'Denmark Krone');
INSERT INTO MonetaryUnit(id, code, name) VALUES (39, 'DOP', 'Dominican Republic Peso');
INSERT INTO MonetaryUnit(id, code, name) VALUES (40, 'DZD', 'Algeria Dinar');
INSERT INTO MonetaryUnit(id, code, name) VALUES (41, 'EGP', 'Egypt Pound');
INSERT INTO MonetaryUnit(id, code, name) VALUES (42, 'ERN', 'Eritrea Nakfa');
INSERT INTO MonetaryUnit(id, code, name) VALUES (43, 'ETB', 'Ethiopia Birr');
INSERT INTO MonetaryUnit(id, code, name) VALUES (44, 'EUR', 'Euro Member Countries');
INSERT INTO MonetaryUnit(id, code, name) VALUES (45, 'FJD', 'Fiji Dollar');
INSERT INTO MonetaryUnit(id, code, name) VALUES (46, 'FKP', 'Falkland Islands (Malvinas) Pound');
INSERT INTO MonetaryUnit(id, code, name) VALUES (47, 'GBP', 'United Kingdom Pound');
INSERT INTO MonetaryUnit(id, code, name) VALUES (48, 'GEL', 'Georgia Lari');
INSERT INTO MonetaryUnit(id, code, name) VALUES (49, 'GGP', 'Guernsey Pound');
INSERT INTO MonetaryUnit(id, code, name) VALUES (50, 'GHS', 'Ghana Cedi');
INSERT INTO MonetaryUnit(id, code, name) VALUES (51, 'GIP', 'Gibraltar Pound');
INSERT INTO MonetaryUnit(id, code, name) VALUES (52, 'GMD', 'Gambia Dalasi');
INSERT INTO MonetaryUnit(id, code, name) VALUES (53, 'GNF', 'Guinea Franc');
INSERT INTO MonetaryUnit(id, code, name) VALUES (54, 'GTQ', 'Guatemala Quetzal');
INSERT INTO MonetaryUnit(id, code, name) VALUES (55, 'GYD', 'Guyana Dollar');
INSERT INTO MonetaryUnit(id, code, name) VALUES (56, 'HKD', 'Hong Kong Dollar');
INSERT INTO MonetaryUnit(id, code, name) VALUES (57, 'HNL', 'Honduras Lempira');
INSERT INTO MonetaryUnit(id, code, name) VALUES (58, 'HRK', 'Croatia Kuna');
INSERT INTO MonetaryUnit(id, code, name) VALUES (59, 'HTG', 'Haiti Gourde');
INSERT INTO MonetaryUnit(id, code, name) VALUES (60, 'HUF', 'Hungary Forint');
INSERT INTO MonetaryUnit(id, code, name) VALUES (61, 'IDR', 'Indonesia Rupiah');
INSERT INTO MonetaryUnit(id, code, name) VALUES (62, 'ILS', 'Israel Shekel');
INSERT INTO MonetaryUnit(id, code, name) VALUES (63, 'IMP', 'Isle of Man Pound');
INSERT INTO MonetaryUnit(id, code, name) VALUES (64, 'INR', 'India Rupee');
INSERT INTO MonetaryUnit(id, code, name) VALUES (65, 'IQD', 'Iraq Dinar');
INSERT INTO MonetaryUnit(id, code, name) VALUES (66, 'IRR', 'Iran Rial');
INSERT INTO MonetaryUnit(id, code, name) VALUES (67, 'ISK', 'Iceland Krona');
INSERT INTO MonetaryUnit(id, code, name) VALUES (68, 'JEP', 'Jersey Pound');
INSERT INTO MonetaryUnit(id, code, name) VALUES (69, 'JMD', 'Jamaica Dollar');
INSERT INTO MonetaryUnit(id, code, name) VALUES (70, 'JOD', 'Jordan Dinar');
INSERT INTO MonetaryUnit(id, code, name) VALUES (71, 'JPY', 'Japan Yen');
INSERT INTO MonetaryUnit(id, code, name) VALUES (72, 'KES', 'Kenya Shilling');
INSERT INTO MonetaryUnit(id, code, name) VALUES (73, 'KGS', 'Kyrgyzstan Som');
INSERT INTO MonetaryUnit(id, code, name) VALUES (74, 'KHR', 'Cambodia Riel');
INSERT INTO MonetaryUnit(id, code, name) VALUES (75, 'KMF', 'Comorian Franc');
INSERT INTO MonetaryUnit(id, code, name) VALUES (76, 'KPW', 'Korea (North) Won');
INSERT INTO MonetaryUnit(id, code, name) VALUES (77, 'KRW', 'Korea (South) Won');
INSERT INTO MonetaryUnit(id, code, name) VALUES (78, 'KWD', 'Kuwait Dinar');
INSERT INTO MonetaryUnit(id, code, name) VALUES (79, 'KYD', 'Cayman Islands Dollar');
INSERT INTO MonetaryUnit(id, code, name) VALUES (80, 'KZT', 'Kazakhstan Tenge');
INSERT INTO MonetaryUnit(id, code, name) VALUES (81, 'LAK', 'Laos Kip');
INSERT INTO MonetaryUnit(id, code, name) VALUES (82, 'LBP', 'Lebanon Pound');
INSERT INTO MonetaryUnit(id, code, name) VALUES (83, 'LKR', 'Sri Lanka Rupee');
INSERT INTO MonetaryUnit(id, code, name) VALUES (84, 'LRD', 'Liberia Dollar');
INSERT INTO MonetaryUnit(id, code, name) VALUES (85, 'LSL', 'Lesotho Loti');
INSERT INTO MonetaryUnit(id, code, name) VALUES (86, 'LYD', 'Libya Dinar');
INSERT INTO MonetaryUnit(id, code, name) VALUES (87, 'MAD', 'Morocco Dirham');
INSERT INTO MonetaryUnit(id, code, name) VALUES (88, 'MDL', 'Moldova Leu');
INSERT INTO MonetaryUnit(id, code, name) VALUES (89, 'MGA', 'Madagascar Ariary');
INSERT INTO MonetaryUnit(id, code, name) VALUES (90, 'MKD', 'Macedonia Denar');
INSERT INTO MonetaryUnit(id, code, name) VALUES (91, 'MMK', 'Myanmar (Burma) Kyat');
INSERT INTO MonetaryUnit(id, code, name) VALUES (92, 'MNT', 'Mongolia Tughrik');
INSERT INTO MonetaryUnit(id, code, name) VALUES (93, 'MOP', 'Macau Pataca');
INSERT INTO MonetaryUnit(id, code, name) VALUES (94, 'MRO', 'Mauritania Ouguiya');
INSERT INTO MonetaryUnit(id, code, name) VALUES (95, 'MUR', 'Mauritius Rupee');
INSERT INTO MonetaryUnit(id, code, name) VALUES (96, 'MVR', 'Maldives (Maldive Islands) Rufiyaa');
INSERT INTO MonetaryUnit(id, code, name) VALUES (97, 'MWK', 'Malawi Kwacha');
INSERT INTO MonetaryUnit(id, code, name) VALUES (98, 'MXN', 'Mexico Peso');
INSERT INTO MonetaryUnit(id, code, name) VALUES (99, 'MYR', 'Malaysia Ringgit');
INSERT INTO MonetaryUnit(id, code, name) VALUES (100, 'MZN', 'Mozambique Metical');
INSERT INTO MonetaryUnit(id, code, name) VALUES (101, 'NAD', 'Namibia Dollar');
INSERT INTO MonetaryUnit(id, code, name) VALUES (102, 'NGN', 'Nigeria Naira');
INSERT INTO MonetaryUnit(id, code, name) VALUES (103, 'NIO', 'Nicaragua Cordoba');
INSERT INTO MonetaryUnit(id, code, name) VALUES (104, 'NOK', 'Norway Krone');
INSERT INTO MonetaryUnit(id, code, name) VALUES (105, 'NPR', 'Nepal Rupee');
INSERT INTO MonetaryUnit(id, code, name) VALUES (106, 'NZD', 'New Zealand Dollar');
INSERT INTO MonetaryUnit(id, code, name) VALUES (107, 'OMR', 'Oman Rial');
INSERT INTO MonetaryUnit(id, code, name) VALUES (108, 'PAB', 'Panama Balboa');
INSERT INTO MonetaryUnit(id, code, name) VALUES (109, 'PEN', 'Peru Sol');
INSERT INTO MonetaryUnit(id, code, name) VALUES (110, 'PGK', 'Papua New Guinea Kina');
INSERT INTO MonetaryUnit(id, code, name) VALUES (111, 'PHP', 'Philippines Peso');
INSERT INTO MonetaryUnit(id, code, name) VALUES (112, 'PKR', 'Pakistan Rupee');
INSERT INTO MonetaryUnit(id, code, name) VALUES (113, 'PLN', 'Poland Zloty');
INSERT INTO MonetaryUnit(id, code, name) VALUES (114, 'PYG', 'Paraguay Guarani');
INSERT INTO MonetaryUnit(id, code, name) VALUES (115, 'QAR', 'Qatar Riyal');
INSERT INTO MonetaryUnit(id, code, name) VALUES (116, 'RON', 'Romania Leu');
INSERT INTO MonetaryUnit(id, code, name) VALUES (117, 'RSD', 'Serbia Dinar');
INSERT INTO MonetaryUnit(id, code, name) VALUES (118, 'RUB', 'Russia Ruble');
INSERT INTO MonetaryUnit(id, code, name) VALUES (119, 'RWF', 'Rwanda Franc');
INSERT INTO MonetaryUnit(id, code, name) VALUES (120, 'SAR', 'Saudi Arabia Riyal');
INSERT INTO MonetaryUnit(id, code, name) VALUES (121, 'SBD', 'Solomon Islands Dollar');
INSERT INTO MonetaryUnit(id, code, name) VALUES (122, 'SCR', 'Seychelles Rupee');
INSERT INTO MonetaryUnit(id, code, name) VALUES (123, 'SDG', 'Sudan Pound');
INSERT INTO MonetaryUnit(id, code, name) VALUES (124, 'SEK', 'Sweden Krona');
INSERT INTO MonetaryUnit(id, code, name) VALUES (125, 'SGD', 'Singapore Dollar');
INSERT INTO MonetaryUnit(id, code, name) VALUES (126, 'SHP', 'Saint Helena Pound');
INSERT INTO MonetaryUnit(id, code, name) VALUES (127, 'SLL', 'Sierra Leone Leone');
INSERT INTO MonetaryUnit(id, code, name) VALUES (128, 'SOS', 'Somalia Shilling');
INSERT INTO MonetaryUnit(id, code, name) VALUES (129, 'SP',  'Seborga Luigino');
INSERT INTO MonetaryUnit(id, code, name) VALUES (130, 'SRD', 'Suriname Dollar');
INSERT INTO MonetaryUnit(id, code, name) VALUES (131, 'STD', 'São Tomé and Príncipe Dobra');
INSERT INTO MonetaryUnit(id, code, name) VALUES (132, 'SVC', 'El Salvador Colon');
INSERT INTO MonetaryUnit(id, code, name) VALUES (133, 'SYP', 'Syria Pound');
INSERT INTO MonetaryUnit(id, code, name) VALUES (134, 'SZL', 'Swaziland Lilangeni');
INSERT INTO MonetaryUnit(id, code, name) VALUES (135, 'THB', 'Thailand Baht');
INSERT INTO MonetaryUnit(id, code, name) VALUES (136, 'TJS', 'Tajikistan Somoni');
INSERT INTO MonetaryUnit(id, code, name) VALUES (137, 'TMT', 'Turkmenistan Manat');
INSERT INTO MonetaryUnit(id, code, name) VALUES (138, 'TND', 'Tunisia Dinar');
INSERT INTO MonetaryUnit(id, code, name) VALUES (139, 'TOP', 'Tonga Pa`anga');
INSERT INTO MonetaryUnit(id, code, name) VALUES (140, 'TRY', 'Turkey Lira');
INSERT INTO MonetaryUnit(id, code, name) VALUES (141, 'TTD', 'Trinidad and Tobago Dollar');
INSERT INTO MonetaryUnit(id, code, name) VALUES (142, 'TVD', 'Tuvalu Dollar');
INSERT INTO MonetaryUnit(id, code, name) VALUES (143, 'TWD', 'Taiwan New Dollar');
INSERT INTO MonetaryUnit(id, code, name) VALUES (144, 'TZS', 'Tanzania Shilling');
INSERT INTO MonetaryUnit(id, code, name) VALUES (145, 'UAH', 'Ukraine Hryvnia');
INSERT INTO MonetaryUnit(id, code, name) VALUES (146, 'UGX', 'Uganda Shilling');
INSERT INTO MonetaryUnit(id, code, name) VALUES (147, 'USD', 'United States Dollar');
INSERT INTO MonetaryUnit(id, code, name) VALUES (148, 'UYU', 'Uruguay Peso');
INSERT INTO MonetaryUnit(id, code, name) VALUES (149, 'UZS', 'Uzbekistan Som');
INSERT INTO MonetaryUnit(id, code, name) VALUES (150, 'VEF', 'Venezuela Bolívar');
INSERT INTO MonetaryUnit(id, code, name) VALUES (151, 'VND', 'Viet Nam Dong');
INSERT INTO MonetaryUnit(id, code, name) VALUES (152, 'VUV', 'Vanuatu Vatu');
INSERT INTO MonetaryUnit(id, code, name) VALUES (153, 'WST', 'Samoa Tala');
INSERT INTO MonetaryUnit(id, code, name) VALUES (154, 'XAF', 'Communauté Financière Africaine (BEAC) CFA Franc BEAC');
INSERT INTO MonetaryUnit(id, code, name) VALUES (155, 'XCD', 'East Caribbean Dollar');
INSERT INTO MonetaryUnit(id, code, name) VALUES (156, 'XDR', 'International Monetary Fund (IMF) Special Drawing Rights');
INSERT INTO MonetaryUnit(id, code, name) VALUES (157, 'XOF', 'Communauté Financière Africaine (BCEAO) Franc');
INSERT INTO MonetaryUnit(id, code, name) VALUES (158, 'XPF', 'Comptoirs Français du Pacifique (CFP) Franc');
INSERT INTO MonetaryUnit(id, code, name) VALUES (159, 'YER', 'Yemen Rial');
INSERT INTO MonetaryUnit(id, code, name) VALUES (160, 'ZAR', 'South Africa Rand');
INSERT INTO MonetaryUnit(id, code, name) VALUES (161, 'ZMW', 'Zambia Kwacha');
INSERT INTO MonetaryUnit(id, code, name) VALUES (162, 'ZWD', 'Zimbabwe Dollar');

--------------------------------------------------------------------------------------------------
-- MONETARY COUNTRIES
--------------------------------------------------------------------------------------------------

INSERT INTO MonetaryCountry(name, monetaryUnitId) VALUES ('Afghanistan', 2);
INSERT INTO MonetaryCountry(name, monetaryUnitId) VALUES ('Albania', 3);
INSERT INTO MonetaryCountry(name, monetaryUnitId) VALUES ('Algeria', 40);
INSERT INTO MonetaryCountry(name, monetaryUnitId) VALUES ('Andorra', 44);
INSERT INTO MonetaryCountry(name, monetaryUnitId) VALUES ('Angola', 6);
INSERT INTO MonetaryCountry(name, monetaryUnitId) VALUES ('Anguilla', 155);
INSERT INTO MonetaryCountry(name, monetaryUnitId) VALUES ('Antigua & Barbuda', 0);
INSERT INTO MonetaryCountry(name, monetaryUnitId) VALUES ('Argentina', 7);
INSERT INTO MonetaryCountry(name, monetaryUnitId) VALUES ('Armenia', 0);
INSERT INTO MonetaryCountry(name, monetaryUnitId) VALUES ('Australia', 0);
INSERT INTO MonetaryCountry(name, monetaryUnitId) VALUES ('Austria', 0);
INSERT INTO MonetaryCountry(name, monetaryUnitId) VALUES ('Azerbaijan', 0);
INSERT INTO MonetaryCountry(name, monetaryUnitId) VALUES ('Bahamas', 0);
INSERT INTO MonetaryCountry(name, monetaryUnitId) VALUES ('Bahrain', 0);
INSERT INTO MonetaryCountry(name, monetaryUnitId) VALUES ('Bangladesh', 0);
INSERT INTO MonetaryCountry(name, monetaryUnitId) VALUES ('Barbados', 0);
INSERT INTO MonetaryCountry(name, monetaryUnitId) VALUES ('Belarus', 0);
INSERT INTO MonetaryCountry(name, monetaryUnitId) VALUES ('Belgium', 0);
INSERT INTO MonetaryCountry(name, monetaryUnitId) VALUES ('Belize', 0);
INSERT INTO MonetaryCountry(name, monetaryUnitId) VALUES ('Benin', 0);
INSERT INTO MonetaryCountry(name, monetaryUnitId) VALUES ('Bermuda', 0);
INSERT INTO MonetaryCountry(name, monetaryUnitId) VALUES ('Bhutan', 0);
INSERT INTO MonetaryCountry(name, monetaryUnitId) VALUES ('Bolivia', 0);
INSERT INTO MonetaryCountry(name, monetaryUnitId) VALUES ('Bosnia & Herzegovina', 0);
INSERT INTO MonetaryCountry(name, monetaryUnitId) VALUES ('Botswana', 0);
INSERT INTO MonetaryCountry(name, monetaryUnitId) VALUES ('Brazil', 0);
INSERT INTO MonetaryCountry(name, monetaryUnitId) VALUES ('Brunei Darussalam', 0);
INSERT INTO MonetaryCountry(name, monetaryUnitId) VALUES ('Bulgaria', 0);
INSERT INTO MonetaryCountry(name, monetaryUnitId) VALUES ('Burkina Faso', 0);
INSERT INTO MonetaryCountry(name, monetaryUnitId) VALUES ('Myanmar/Burma', 0);
INSERT INTO MonetaryCountry(name, monetaryUnitId) VALUES ('Burundi', 0);
INSERT INTO MonetaryCountry(name, monetaryUnitId) VALUES ('Cambodia', 0);
INSERT INTO MonetaryCountry(name, monetaryUnitId) VALUES ('Cameroon', 0);
INSERT INTO MonetaryCountry(name, monetaryUnitId) VALUES ('Canada', 0);
INSERT INTO MonetaryCountry(name, monetaryUnitId) VALUES ('Cape Verde', 0);
INSERT INTO MonetaryCountry(name, monetaryUnitId) VALUES ('Cayman Islands', 0);
INSERT INTO MonetaryCountry(name, monetaryUnitId) VALUES ('Central African Republic', 0);
INSERT INTO MonetaryCountry(name, monetaryUnitId) VALUES ('Chad', 0);
INSERT INTO MonetaryCountry(name, monetaryUnitId) VALUES ('Chile', 0);
INSERT INTO MonetaryCountry(name, monetaryUnitId) VALUES ('China', 0);
INSERT INTO MonetaryCountry(name, monetaryUnitId) VALUES ('Colombia', 0);
INSERT INTO MonetaryCountry(name, monetaryUnitId) VALUES ('Comoros', 0);
INSERT INTO MonetaryCountry(name, monetaryUnitId) VALUES ('Congo', 0);
INSERT INTO MonetaryCountry(name, monetaryUnitId) VALUES ('Costa Rica', 0);
INSERT INTO MonetaryCountry(name, monetaryUnitId) VALUES ('Croatia', 0);
INSERT INTO MonetaryCountry(name, monetaryUnitId) VALUES ('Cuba', 0);
INSERT INTO MonetaryCountry(name, monetaryUnitId) VALUES ('Cyprus', 0);
INSERT INTO MonetaryCountry(name, monetaryUnitId) VALUES ('Czech Republic', 0);
INSERT INTO MonetaryCountry(name, monetaryUnitId) VALUES ('Democratic Republic of the Congo', 0);
INSERT INTO MonetaryCountry(name, monetaryUnitId) VALUES ('Denmark', 0);
INSERT INTO MonetaryCountry(name, monetaryUnitId) VALUES ('Djibouti', 0);
INSERT INTO MonetaryCountry(name, monetaryUnitId) VALUES ('Dominican Republic', 0);
INSERT INTO MonetaryCountry(name, monetaryUnitId) VALUES ('Dominica', 0);
INSERT INTO MonetaryCountry(name, monetaryUnitId) VALUES ('Ecuador', 0);
INSERT INTO MonetaryCountry(name, monetaryUnitId) VALUES ('Egypt', 0);
INSERT INTO MonetaryCountry(name, monetaryUnitId) VALUES ('El Salvador', 0);
INSERT INTO MonetaryCountry(name, monetaryUnitId) VALUES ('Equatorial Guinea', 0);
INSERT INTO MonetaryCountry(name, monetaryUnitId) VALUES ('Eritrea', 0);
INSERT INTO MonetaryCountry(name, monetaryUnitId) VALUES ('Estonia', 44);
INSERT INTO MonetaryCountry(name, monetaryUnitId) VALUES ('Ethiopia', 0);
INSERT INTO MonetaryCountry(name, monetaryUnitId) VALUES ('Fiji', 0);
INSERT INTO MonetaryCountry(name, monetaryUnitId) VALUES ('Finland', 44);
INSERT INTO MonetaryCountry(name, monetaryUnitId) VALUES ('France', 44);
INSERT INTO MonetaryCountry(name, monetaryUnitId) VALUES ('French Guiana', 0);
INSERT INTO MonetaryCountry(name, monetaryUnitId) VALUES ('Gabon', 0);
INSERT INTO MonetaryCountry(name, monetaryUnitId) VALUES ('Gambia', 0);
INSERT INTO MonetaryCountry(name, monetaryUnitId) VALUES ('Georgia', 0);
INSERT INTO MonetaryCountry(name, monetaryUnitId) VALUES ('Germany', 44);
INSERT INTO MonetaryCountry(name, monetaryUnitId) VALUES ('Ghana', 0);
INSERT INTO MonetaryCountry(name, monetaryUnitId) VALUES ('Great Britain', 0);
INSERT INTO MonetaryCountry(name, monetaryUnitId) VALUES ('Greece', 0);
INSERT INTO MonetaryCountry(name, monetaryUnitId) VALUES ('Grenada', 0);
INSERT INTO MonetaryCountry(name, monetaryUnitId) VALUES ('Guadeloupe', 0);
INSERT INTO MonetaryCountry(name, monetaryUnitId) VALUES ('Guatemala', 0);
INSERT INTO MonetaryCountry(name, monetaryUnitId) VALUES ('Guinea', 0);
INSERT INTO MonetaryCountry(name, monetaryUnitId) VALUES ('Guinea-Bissau', 0);
INSERT INTO MonetaryCountry(name, monetaryUnitId) VALUES ('Guyana', 0);
INSERT INTO MonetaryCountry(name, monetaryUnitId) VALUES ('Haiti', 0);
INSERT INTO MonetaryCountry(name, monetaryUnitId) VALUES ('Honduras', 0);
INSERT INTO MonetaryCountry(name, monetaryUnitId) VALUES ('Hungary', 0);
INSERT INTO MonetaryCountry(name, monetaryUnitId) VALUES ('Iceland', 0);
INSERT INTO MonetaryCountry(name, monetaryUnitId) VALUES ('India', 0);
INSERT INTO MonetaryCountry(name, monetaryUnitId) VALUES ('Indonesia', 0);
INSERT INTO MonetaryCountry(name, monetaryUnitId) VALUES ('Iran', 0);
INSERT INTO MonetaryCountry(name, monetaryUnitId) VALUES ('Iraq', 0);
INSERT INTO MonetaryCountry(name, monetaryUnitId) VALUES ('Ireland', 44);
INSERT INTO MonetaryCountry(name, monetaryUnitId) VALUES ('Israel', 0);
INSERT INTO MonetaryCountry(name, monetaryUnitId) VALUES ('Italy', 0);
INSERT INTO MonetaryCountry(name, monetaryUnitId) VALUES ('Ivory Coast (Cote d`Ivoire)', 0);
INSERT INTO MonetaryCountry(name, monetaryUnitId) VALUES ('Jamaica', 0);
INSERT INTO MonetaryCountry(name, monetaryUnitId) VALUES ('Japan', 0);
INSERT INTO MonetaryCountry(name, monetaryUnitId) VALUES ('Jordan', 0);
INSERT INTO MonetaryCountry(name, monetaryUnitId) VALUES ('Kazakhstan', 0);
INSERT INTO MonetaryCountry(name, monetaryUnitId) VALUES ('Kenya', 0);
INSERT INTO MonetaryCountry(name, monetaryUnitId) VALUES ('Kosovo', 0);
INSERT INTO MonetaryCountry(name, monetaryUnitId) VALUES ('Kuwait', 0);
INSERT INTO MonetaryCountry(name, monetaryUnitId) VALUES ('Kyrgyz Republic (Kyrgyzstan)', 0);
INSERT INTO MonetaryCountry(name, monetaryUnitId) VALUES ('Laos', 0);
INSERT INTO MonetaryCountry(name, monetaryUnitId) VALUES ('Latvia', 0);
INSERT INTO MonetaryCountry(name, monetaryUnitId) VALUES ('Lebanon', 0);
INSERT INTO MonetaryCountry(name, monetaryUnitId) VALUES ('Lesotho', 0);
INSERT INTO MonetaryCountry(name, monetaryUnitId) VALUES ('Liberia', 0);
INSERT INTO MonetaryCountry(name, monetaryUnitId) VALUES ('Libya', 0);
INSERT INTO MonetaryCountry(name, monetaryUnitId) VALUES ('Liechtenstein', 0);
INSERT INTO MonetaryCountry(name, monetaryUnitId) VALUES ('Lithuania', 0);
INSERT INTO MonetaryCountry(name, monetaryUnitId) VALUES ('Luxembourg', 0);
INSERT INTO MonetaryCountry(name, monetaryUnitId) VALUES ('Republic of Macedonia', 0);
INSERT INTO MonetaryCountry(name, monetaryUnitId) VALUES ('Madagascar', 0);
INSERT INTO MonetaryCountry(name, monetaryUnitId) VALUES ('Malawi', 0);
INSERT INTO MonetaryCountry(name, monetaryUnitId) VALUES ('Malaysia', 0);
INSERT INTO MonetaryCountry(name, monetaryUnitId) VALUES ('Maldives', 0);
INSERT INTO MonetaryCountry(name, monetaryUnitId) VALUES ('Mali', 0);
INSERT INTO MonetaryCountry(name, monetaryUnitId) VALUES ('Malta', 0);
INSERT INTO MonetaryCountry(name, monetaryUnitId) VALUES ('Martinique', 0);
INSERT INTO MonetaryCountry(name, monetaryUnitId) VALUES ('Mauritania', 0);
INSERT INTO MonetaryCountry(name, monetaryUnitId) VALUES ('Mauritius', 0);
INSERT INTO MonetaryCountry(name, monetaryUnitId) VALUES ('Mayotte', 0);
INSERT INTO MonetaryCountry(name, monetaryUnitId) VALUES ('Mexico', 0);
INSERT INTO MonetaryCountry(name, monetaryUnitId) VALUES ('Moldova, Republic of', 0);
INSERT INTO MonetaryCountry(name, monetaryUnitId) VALUES ('Monaco', 0);
INSERT INTO MonetaryCountry(name, monetaryUnitId) VALUES ('Mongolia', 0);
INSERT INTO MonetaryCountry(name, monetaryUnitId) VALUES ('Montenegro', 0);
INSERT INTO MonetaryCountry(name, monetaryUnitId) VALUES ('Montserrat', 0);
INSERT INTO MonetaryCountry(name, monetaryUnitId) VALUES ('Morocco', 0);
INSERT INTO MonetaryCountry(name, monetaryUnitId) VALUES ('Mozambique', 0);
INSERT INTO MonetaryCountry(name, monetaryUnitId) VALUES ('Namibia', 0);
INSERT INTO MonetaryCountry(name, monetaryUnitId) VALUES ('Nepal', 0);
INSERT INTO MonetaryCountry(name, monetaryUnitId) VALUES ('Netherlands', 44);
INSERT INTO MonetaryCountry(name, monetaryUnitId) VALUES ('New Zealand', 0);
INSERT INTO MonetaryCountry(name, monetaryUnitId) VALUES ('Nicaragua', 0);
INSERT INTO MonetaryCountry(name, monetaryUnitId) VALUES ('Niger', 0);
INSERT INTO MonetaryCountry(name, monetaryUnitId) VALUES ('Nigeria', 0);
INSERT INTO MonetaryCountry(name, monetaryUnitId) VALUES ('Korea, Democratic Republic of (North Korea)', 0);
INSERT INTO MonetaryCountry(name, monetaryUnitId) VALUES ('Norway', 0);
INSERT INTO MonetaryCountry(name, monetaryUnitId) VALUES ('Oman', 0);
INSERT INTO MonetaryCountry(name, monetaryUnitId) VALUES ('Pacific Islands', 0);
INSERT INTO MonetaryCountry(name, monetaryUnitId) VALUES ('Pakistan', 0);
INSERT INTO MonetaryCountry(name, monetaryUnitId) VALUES ('Panama', 0);
INSERT INTO MonetaryCountry(name, monetaryUnitId) VALUES ('Papua New Guinea', 0);
INSERT INTO MonetaryCountry(name, monetaryUnitId) VALUES ('Paraguay', 0);
INSERT INTO MonetaryCountry(name, monetaryUnitId) VALUES ('Peru', 0);
INSERT INTO MonetaryCountry(name, monetaryUnitId) VALUES ('Philippines', 0);
INSERT INTO MonetaryCountry(name, monetaryUnitId) VALUES ('Poland', 0);
INSERT INTO MonetaryCountry(name, monetaryUnitId) VALUES ('Portugal', 44);
INSERT INTO MonetaryCountry(name, monetaryUnitId) VALUES ('Puerto Rico', 0);
INSERT INTO MonetaryCountry(name, monetaryUnitId) VALUES ('Qatar', 0);
INSERT INTO MonetaryCountry(name, monetaryUnitId) VALUES ('Reunion', 0);
INSERT INTO MonetaryCountry(name, monetaryUnitId) VALUES ('Romania', 0);
INSERT INTO MonetaryCountry(name, monetaryUnitId) VALUES ('Russian Federation', 0);
INSERT INTO MonetaryCountry(name, monetaryUnitId) VALUES ('Rwanda', 0);
INSERT INTO MonetaryCountry(name, monetaryUnitId) VALUES ('Saint Kitts and Nevis', 0);
INSERT INTO MonetaryCountry(name, monetaryUnitId) VALUES ('Saint Lucia', 0);
INSERT INTO MonetaryCountry(name, monetaryUnitId) VALUES ('Saint Vincent`s & Grenadines', 0);
INSERT INTO MonetaryCountry(name, monetaryUnitId) VALUES ('Samoa', 0);
INSERT INTO MonetaryCountry(name, monetaryUnitId) VALUES ('Sao Tome and Principe', 0);
INSERT INTO MonetaryCountry(name, monetaryUnitId) VALUES ('Saudi Arabia', 0);
INSERT INTO MonetaryCountry(name, monetaryUnitId) VALUES ('Senegal', 0);
INSERT INTO MonetaryCountry(name, monetaryUnitId) VALUES ('Serbia', 0);
INSERT INTO MonetaryCountry(name, monetaryUnitId) VALUES ('Seychelles', 0);
INSERT INTO MonetaryCountry(name, monetaryUnitId) VALUES ('Sierra Leone', 0);
INSERT INTO MonetaryCountry(name, monetaryUnitId) VALUES ('Singapore', 0);
INSERT INTO MonetaryCountry(name, monetaryUnitId) VALUES ('Slovak Republic (Slovakia)', 0);
INSERT INTO MonetaryCountry(name, monetaryUnitId) VALUES ('Slovenia', 0);
INSERT INTO MonetaryCountry(name, monetaryUnitId) VALUES ('Solomon Islands', 0);
INSERT INTO MonetaryCountry(name, monetaryUnitId) VALUES ('Somalia', 0);
INSERT INTO MonetaryCountry(name, monetaryUnitId) VALUES ('South Africa', 0);
INSERT INTO MonetaryCountry(name, monetaryUnitId) VALUES ('Korea, Republic of (South Korea)', 0);
INSERT INTO MonetaryCountry(name, monetaryUnitId) VALUES ('South Sudan', 0);
INSERT INTO MonetaryCountry(name, monetaryUnitId) VALUES ('Spain', 44);
INSERT INTO MonetaryCountry(name, monetaryUnitId) VALUES ('Sri Lanka', 0);
INSERT INTO MonetaryCountry(name, monetaryUnitId) VALUES ('Sudan', 0);
INSERT INTO MonetaryCountry(name, monetaryUnitId) VALUES ('Suriname', 0);
INSERT INTO MonetaryCountry(name, monetaryUnitId) VALUES ('Swaziland', 0);
INSERT INTO MonetaryCountry(name, monetaryUnitId) VALUES ('Sweden', 44);
INSERT INTO MonetaryCountry(name, monetaryUnitId) VALUES ('Switzerland', 0);
INSERT INTO MonetaryCountry(name, monetaryUnitId) VALUES ('Syria', 0);
INSERT INTO MonetaryCountry(name, monetaryUnitId) VALUES ('Tajikistan', 0);
INSERT INTO MonetaryCountry(name, monetaryUnitId) VALUES ('Tanzania', 0);
INSERT INTO MonetaryCountry(name, monetaryUnitId) VALUES ('Thailand', 0);
INSERT INTO MonetaryCountry(name, monetaryUnitId) VALUES ('Timor Leste', 0);
INSERT INTO MonetaryCountry(name, monetaryUnitId) VALUES ('Togo', 0);
INSERT INTO MonetaryCountry(name, monetaryUnitId) VALUES ('Trinidad & Tobago', 0);
INSERT INTO MonetaryCountry(name, monetaryUnitId) VALUES ('Tunisia', 0);
INSERT INTO MonetaryCountry(name, monetaryUnitId) VALUES ('Turkey', 0);
INSERT INTO MonetaryCountry(name, monetaryUnitId) VALUES ('Turkmenistan', 0);
INSERT INTO MonetaryCountry(name, monetaryUnitId) VALUES ('Turks & Caicos Islands', 0);
INSERT INTO MonetaryCountry(name, monetaryUnitId) VALUES ('Uganda', 146);
INSERT INTO MonetaryCountry(name, monetaryUnitId) VALUES ('Ukraine', 145);
INSERT INTO MonetaryCountry(name, monetaryUnitId) VALUES ('United Arab Emirates', 0);
INSERT INTO MonetaryCountry(name, monetaryUnitId) VALUES ('United States of America (USA)', 147);
INSERT INTO MonetaryCountry(name, monetaryUnitId) VALUES ('Uruguay', 148);
INSERT INTO MonetaryCountry(name, monetaryUnitId) VALUES ('Uzbekistan', 149);
INSERT INTO MonetaryCountry(name, monetaryUnitId) VALUES ('Venezuela', 150);
INSERT INTO MonetaryCountry(name, monetaryUnitId) VALUES ('Vietnam', 151);
INSERT INTO MonetaryCountry(name, monetaryUnitId) VALUES ('Virgin Islands (UK)', 0);
INSERT INTO MonetaryCountry(name, monetaryUnitId) VALUES ('Virgin Islands (US)', 0);
INSERT INTO MonetaryCountry(name, monetaryUnitId) VALUES ('Yemen', 159);
INSERT INTO MonetaryCountry(name, monetaryUnitId) VALUES ('Zambia', 161);
INSERT INTO MonetaryCountry(name, monetaryUnitId) VALUES ('Zimbabwe', 162);

--------------------------------------------------------------------------------------------------
-- CENTRAL BANKS
--------------------------------------------------------------------------------------------------

INSERT INTO CentralBank(id, name, currencyId) VALUES (1, 'European Central Bank', 44);
INSERT INTO CentralBank(id, name, currencyId) VALUES (2, 'Brazilian Central Bank', 20);
